{
  "demo": {
    "Strategy": [
      "naive",
      "naive",
      "naive",
      "frozen_backbone",
      "frozen_backbone",
      "frozen_backbone",
      "clear",
      "clear",
      "clear"
    ],
    "Task": [
      1,
      2,
      3,
      1,
      2,
      3,
      1,
      2,
      3
    ],
    "Accuracy": [
      7.5,
      12.0,
      12.833333333333334,
      11.5,
      10.5,
      10.5,
      8.5,
      11.5,
      11.666666666666666
    ]
  }
}